City_ID,City,Country,Lat,Lng,Max Temp,Humidity,Cloudiness,Wind Speed,Current Description
0,Bethel,US,41.3712,-73.414,46.92,70,90,3.44,overcast clouds
1,Airai,TL,-8.9266,125.4092,72.97,68,88,3.74,overcast clouds
2,Grindavik,IS,63.8424,-22.4338,25.27,80,40,5.75,scattered clouds
3,Mataura,NZ,-46.1927,168.8643,59.49,38,1,8.68,clear sky
4,Seoul,KR,37.5683,126.9778,63.79,36,0,6.91,clear sky
5,Svetlaya,RU,46.5389,138.3297,44.92,74,85,8.05,overcast clouds
6,Avarua,CK,-21.2078,-159.775,77.05,78,40,11.5,scattered clouds
7,Albany,US,42.6001,-73.9662,36.09,84,14,5.68,few clouds
8,Yellowknife,CA,62.456,-114.3525,30.42,100,1,8.05,clear sky
9,Vaini,TO,-21.2,-175.2,78.96,89,40,9.22,light rain
10,Busselton,AU,-33.65,115.3333,64.31,55,17,10.25,few clouds
11,Ostrovnoy,RU,68.0531,39.5131,36.0,89,34,24.23,scattered clouds
12,Port Elizabeth,ZA,-33.918,25.5701,50.29,87,0,2.3,clear sky
13,Altay,CN,47.8667,88.1167,28.69,89,100,8.21,snow
14,Cape Town,ZA,-33.9258,18.4232,58.1,73,75,3.0,broken clouds
15,Talara,PE,-4.5772,-81.2719,63.91,88,22,14.2,few clouds
16,Hofn,IS,64.2539,-15.2082,29.62,59,79,17.13,broken clouds
17,Caravelas,BR,-17.7125,-39.2481,73.29,94,100,9.6,overcast clouds
18,Punta Arenas,CL,-53.15,-70.9167,48.31,87,90,6.91,overcast clouds
19,Codrington,AU,-38.2667,141.9667,62.8,85,100,15.7,light rain
20,New Norfolk,AU,-42.7826,147.0587,67.5,72,100,1.99,moderate rain
21,Jamestown,US,42.097,-79.2353,36.99,91,90,10.0,snow
22,Tharad,IN,24.3961,71.6267,81.9,29,10,3.91,clear sky
23,Severo-Kurilsk,RU,50.6789,156.125,39.88,69,67,9.62,broken clouds
24,Hermanus,ZA,-34.4187,19.2345,56.89,75,0,8.88,clear sky
25,Pangnirtung,CA,66.1451,-65.7125,22.01,80,100,3.98,overcast clouds
26,Ahipara,NZ,-35.1667,173.1667,61.61,69,91,14.23,overcast clouds
27,Acarau,BR,-2.8856,-40.12,78.66,82,28,10.67,scattered clouds
28,Gudur,IN,14.1333,79.85,78.12,76,100,5.91,light rain
29,Kharan,PK,28.5833,65.4167,65.3,20,0,2.13,clear sky
30,Hobyo,SO,5.3505,48.5268,80.42,69,47,9.51,scattered clouds
31,Santa Isabel Do Rio Negro,BR,-0.4139,-65.0192,73.58,98,90,3.44,light rain
32,Broken Hill,AU,-31.95,141.4333,85.5,34,74,10.78,broken clouds
33,Uruzgan,AF,32.8333,66.0,52.77,13,3,3.04,clear sky
34,Jatai,BR,-17.8814,-51.7144,71.69,80,89,3.36,overcast clouds
35,San Patricio,US,28.017,-97.5169,76.84,63,0,11.01,clear sky
36,Rimouski,CA,48.4488,-68.524,40.68,75,11,7.58,few clouds
37,Kahului,US,20.8947,-156.47,80.62,82,40,10.36,scattered clouds
38,Le Port,RE,-20.9373,55.2919,80.89,83,17,4.09,few clouds
39,Barrow,US,71.2906,-156.7887,19.42,86,90,12.66,overcast clouds
40,Skjervoy,NO,70.0311,20.9714,44.38,74,100,12.77,overcast clouds
41,Korla,CN,41.7597,86.1469,46.78,34,8,7.92,clear sky
42,Esperance,AU,-33.8667,121.9,68.29,48,1,5.1,clear sky
43,Kapaa,US,22.0752,-159.319,75.18,84,90,4.0,light rain
44,Kudahuvadhoo,MV,2.6708,72.8944,82.76,75,100,18.1,light rain
45,Doka,SD,13.5167,35.7667,75.9,61,57,1.88,broken clouds
46,Agirish,RU,61.9247,63.0231,13.51,80,100,6.89,overcast clouds
47,Burns Lake,CA,54.2331,-125.7533,29.62,80,91,3.31,overcast clouds
48,Khandyga,RU,62.6667,135.6,25.57,92,100,4.21,overcast clouds
49,Grand Gaube,MU,-20.0064,57.6608,78.39,72,13,10.0,few clouds
50,Rikitea,PF,-23.1203,-134.9692,73.54,76,100,18.16,light rain
51,Zhanakorgan,KZ,43.9098,67.2495,48.2,52,100,13.18,overcast clouds
52,Saint George,US,37.1041,-113.5841,64.35,45,1,1.01,clear sky
53,Rio Grande,BR,-32.035,-52.0986,69.94,95,100,14.07,overcast clouds
54,Mocuba,MZ,-16.8392,36.9856,82.54,51,1,4.5,clear sky
55,Aripuana,BR,-9.1667,-60.6333,71.01,94,46,1.07,scattered clouds
56,Kasrawad,IN,22.1333,75.6,78.01,41,6,7.23,clear sky
57,Nishihara,JP,26.1842,127.7558,78.46,55,20,12.66,few clouds
58,Bom Jesus Da Lapa,BR,-13.255,-43.4181,70.2,93,99,2.95,light rain
59,Saint-Philippe,RE,-21.3585,55.7679,80.47,78,40,9.04,scattered clouds
60,Port Alfred,ZA,-33.5906,26.891,60.73,79,28,1.3,scattered clouds
61,Bambous Virieux,MU,-20.3428,57.7575,78.22,73,40,11.5,scattered clouds
62,Preobrazheniye,RU,42.9019,133.9064,50.32,65,64,3.53,broken clouds
63,Aklavik,CA,68.2191,-135.0107,23.83,97,100,1.79,overcast clouds
64,Kodiak,US,57.79,-152.4072,38.71,48,1,3.44,clear sky
65,Chokurdakh,RU,70.6333,147.9167,-17.01,99,8,4.5,clear sky
66,Ambilobe,MG,-13.2,49.05,77.65,74,2,5.19,clear sky
67,Ushuaia,AR,-54.8,-68.3,53.26,62,75,9.22,light rain
68,Linhares,BR,-19.3911,-40.0722,70.95,97,2,2.04,clear sky
69,Abu Zabad,SD,12.35,29.25,83.08,42,68,5.46,broken clouds
70,Lebanon,US,36.2081,-86.2911,44.96,68,90,0.0,overcast clouds
71,Maceio,BR,-9.6658,-35.7353,78.24,94,20,3.44,few clouds
72,Talnakh,RU,69.4865,88.3972,-14.89,98,84,4.34,broken clouds
73,Nikolskoye,RU,59.7035,30.7861,41.88,89,86,8.55,overcast clouds
74,Marienburg,PL,54.0359,19.0266,49.05,73,100,8.25,moderate rain
75,Tasiilaq,GL,65.6145,-37.6368,32.16,97,100,13.11,snow
76,Marzuq,YE,14.4,46.4667,69.06,30,23,2.42,few clouds
77,Puerto Ayora,EC,-0.7393,-90.3518,69.94,86,95,7.81,overcast clouds
78,Shimoda,JP,34.6667,138.95,68.36,61,29,3.62,scattered clouds
79,Luderitz,NA,-26.6481,15.1594,54.3,76,27,13.76,scattered clouds
80,Qaanaaq,GL,77.484,-69.3632,6.66,60,0,9.13,clear sky
81,Inuvik,CA,68.3499,-133.7218,23.86,93,90,2.3,light snow
82,Saskylakh,RU,71.9167,114.0833,5.13,96,100,7.58,overcast clouds
83,Cravo Norte,CO,6.3017,-70.2041,76.48,80,35,5.21,scattered clouds
84,Mar Del Plata,AR,-38.0023,-57.5575,60.1,99,90,3.0,fog
85,Aykhal,RU,66.0,111.5,-6.93,96,98,7.31,overcast clouds
86,Cherskiy,RU,68.75,161.3,-7.67,96,89,8.39,overcast clouds
87,Karasjok,NO,69.4719,25.5112,39.31,98,100,12.95,overcast clouds
88,Bluff,NZ,-46.6,168.3333,59.81,59,5,23.76,clear sky
89,Dikson,RU,73.5069,80.5464,14.88,89,100,30.6,overcast clouds
90,Harper,LR,4.375,-7.7169,77.25,87,56,5.66,broken clouds
91,Olean,US,42.0776,-78.4297,36.28,97,55,4.03,broken clouds
92,Butaritari,KI,3.0707,172.7902,82.65,67,16,15.79,few clouds
93,Nome,US,64.5011,-165.4064,30.27,93,90,14.97,mist
94,Studena,CZ,49.1852,15.2869,35.15,96,5,1.01,clear sky
95,Dingle,PH,10.9995,122.6711,79.61,89,100,12.01,overcast clouds
96,Olafsvik,IS,64.8945,-23.7142,33.15,65,56,7.4,broken clouds
97,Tuatapere,NZ,-46.1333,167.6833,59.83,47,5,9.37,clear sky
98,Cap-Aux-Meules,CA,47.3821,-61.8597,46.42,71,92,5.75,overcast clouds
99,Rawson,AR,-43.3002,-65.1023,61.59,67,99,7.27,overcast clouds
100,Omboue,GA,-1.5746,9.2618,74.53,92,41,1.88,light rain
101,Sars,RU,56.5502,57.1366,19.02,79,21,3.53,few clouds
102,Zhangye,CN,38.9342,100.4517,54.25,18,0,10.69,clear sky
103,Khatanga,RU,71.9667,102.5,-7.1,98,94,7.85,overcast clouds
104,The Valley,AI,18.217,-63.0578,80.1,75,98,15.43,overcast clouds
105,Ngunguru,NZ,-35.6167,174.5,60.17,89,100,20.92,light rain
106,Touros,BR,-5.1989,-35.4608,79.7,82,7,8.59,clear sky
107,Olpad,IN,21.3333,72.75,85.98,42,6,11.79,clear sky
108,Buala,SB,-8.145,159.5921,78.85,87,100,6.73,light rain
109,Vao,NC,-22.6667,167.4833,69.93,63,91,11.03,overcast clouds
110,Suez,EG,29.9737,32.5263,66.81,74,0,6.8,clear sky
111,Nyimba,ZM,-14.5566,30.8149,79.57,43,81,1.99,broken clouds
112,Bredasdorp,ZA,-34.5322,20.0403,51.28,74,0,5.1,clear sky
113,Elliot Lake,CA,46.3834,-82.6331,33.89,65,28,4.43,scattered clouds
114,Sao Gabriel Da Cachoeira,BR,-0.1303,-67.0892,72.45,99,98,1.68,overcast clouds
115,Dunedin,NZ,-45.8742,170.5036,46.8,88,5,3.0,clear sky
116,Revelstoke,CA,50.9832,-118.2023,35.62,93,90,0.0,overcast clouds
117,Arraial Do Cabo,BR,-22.9661,-42.0278,70.93,93,13,11.99,few clouds
118,Thompson,CA,55.7435,-97.8558,21.36,93,1,2.3,clear sky
119,Manzhouli,CN,49.6,117.4333,38.48,59,96,6.22,overcast clouds
120,Mahebourg,MU,-20.4081,57.7,78.26,73,40,11.5,scattered clouds
121,Castro,BR,-24.7911,-50.0119,57.65,99,25,5.03,scattered clouds
122,Atuona,PF,-9.8,-139.0333,77.86,66,1,15.77,clear sky
123,Souillac,MU,-20.5167,57.5167,78.37,73,40,11.5,scattered clouds
124,Vardo,NO,70.3705,31.1107,43.0,88,98,26.96,overcast clouds
125,Tuktoyaktuk,CA,69.4541,-133.0374,24.8,100,90,9.22,overcast clouds
126,Abu Samrah,SY,35.3029,37.1841,60.31,83,60,4.92,broken clouds
127,Floro,NO,61.5996,5.0328,49.96,66,90,14.97,overcast clouds
128,Zhigansk,RU,66.7697,123.3711,4.12,94,100,5.01,overcast clouds
129,Celestun,MX,20.8667,-90.4,75.22,74,70,12.17,broken clouds
130,Hilo,US,19.7297,-155.09,81.28,72,1,0.0,clear sky
131,College,US,64.8569,-147.8028,32.2,89,75,0.0,broken clouds
132,Tiksi,RU,71.6872,128.8694,-10.64,100,84,3.62,broken clouds
133,Brookhaven,US,31.5791,-90.4407,56.86,80,4,5.41,clear sky
134,Kayes,ML,14.0,-11.0,80.13,49,26,3.2,scattered clouds
135,Pisco,PE,-13.7,-76.2167,64.45,88,90,6.91,overcast clouds
136,Beringovskiy,RU,63.05,179.3167,0.32,79,2,12.01,clear sky
137,Adrar,MR,20.5022,-10.0711,74.77,17,6,7.99,clear sky
138,Hami,CN,42.8,93.45,53.15,29,5,8.79,clear sky
139,Kaitangata,NZ,-46.2817,169.8464,52.36,58,2,12.91,clear sky
140,Trelew,AR,-43.249,-65.3051,63.5,62,100,6.87,overcast clouds
141,Narsaq,GL,60.9167,-46.05,41.22,98,98,6.53,light rain
142,Gorele,TR,41.0308,39.0031,60.24,68,100,6.06,overcast clouds
143,Bandarbeyla,SO,9.4942,50.8122,79.32,71,66,11.23,broken clouds
144,Wiwili,NI,13.6268,-85.8254,69.82,96,46,2.86,scattered clouds
145,Aquiraz,BR,-3.9014,-38.3911,80.69,81,42,9.53,scattered clouds
146,Upernavik,GL,72.7868,-56.1549,12.69,79,100,8.37,overcast clouds
147,Kruisfontein,ZA,-34.0033,24.7314,53.06,76,0,3.76,clear sky
148,Namuac,PH,18.6109,121.1657,82.69,70,29,14.72,scattered clouds
149,Aonla,IN,28.2833,79.15,72.82,54,0,0.58,clear sky
150,Carroll,US,39.5501,-77.0164,40.86,83,75,0.0,mist
151,Old Saybrook,US,41.2918,-72.3762,50.05,70,20,5.75,few clouds
152,Coquimbo,CL,-29.9533,-71.3436,56.93,88,90,4.61,overcast clouds
153,Georgetown,MY,5.4112,100.3354,87.73,73,20,1.01,few clouds
154,Wellington,NZ,-41.2866,174.7756,55.76,68,75,7.0,broken clouds
155,Adwa,ET,14.1646,38.8955,59.27,44,17,5.32,few clouds
156,Vostok,RU,46.4856,135.8833,46.08,37,6,1.25,clear sky
157,Port Blair,IN,11.6667,92.75,84.42,73,100,10.07,overcast clouds
158,Santa Marta,CO,11.2408,-74.199,75.34,84,89,9.44,overcast clouds
159,Norman Wells,CA,65.282,-126.8329,15.84,86,90,4.61,mist
160,Beidao,CN,34.5686,105.8933,54.72,61,77,4.12,broken clouds
161,Victoria,HK,22.2855,114.1577,84.96,67,57,3.0,broken clouds
162,Nelson Bay,AU,-32.7167,152.15,79.29,54,99,4.0,overcast clouds
163,Micheweni,TZ,-4.9667,39.8333,79.41,81,35,7.81,scattered clouds
164,Tchibanga,GA,-2.85,11.0333,70.29,98,72,1.25,broken clouds
165,Longyearbyen,SJ,78.2186,15.6401,21.04,73,75,28.77,light snow
166,East London,ZA,-33.0153,27.9116,54.54,94,20,3.44,few clouds
167,Vila Velha,BR,-20.3297,-40.2925,73.35,88,0,6.91,clear sky
168,Cabo San Lucas,MX,22.8909,-109.9124,80.51,74,0,1.01,clear sky
169,Moree,AU,-29.4667,149.85,84.22,28,75,9.22,light rain
170,Lambarene,GA,-0.7001,10.2406,73.24,96,90,0.98,overcast clouds
171,Margate,GB,51.3813,1.3862,40.69,75,2,9.31,clear sky
172,Provideniya,RU,64.3833,-173.3,24.91,74,75,22.37,broken clouds
173,Monrovia,LR,6.3005,-10.7969,77.34,84,43,4.94,light rain
174,Mount Isa,AU,-20.7333,139.5,89.37,45,40,8.05,light rain
175,Sabya,SA,17.1495,42.6254,78.42,45,4,3.29,clear sky
176,Boa Vista,BR,2.8197,-60.6733,80.58,74,0,5.75,clear sky
177,Anloga,GH,5.7947,0.8973,75.42,80,79,4.59,broken clouds
178,Hobart,AU,-42.8794,147.3294,67.86,79,100,1.01,moderate rain
179,Gambela,ET,8.25,34.5833,72.23,66,40,4.79,scattered clouds
180,Nowy Dwor Gdanski,PL,54.2131,19.1177,49.14,94,100,7.72,moderate rain
181,Columbus,US,39.9612,-82.9988,41.11,70,75,10.36,broken clouds
182,Laibin,CN,23.7,109.2667,67.41,79,93,6.26,overcast clouds
183,Damghan,IR,36.1683,54.348,59.61,47,60,1.81,broken clouds
184,San Cristobal,VE,7.7669,-72.225,66.02,98,87,0.65,overcast clouds
185,Labuhan,ID,-6.8844,112.2051,87.39,62,86,5.61,overcast clouds
186,Moita Bonita,BR,-10.5775,-37.3428,77.97,97,70,5.28,broken clouds
187,Williams Lake,CA,52.1415,-122.1445,42.37,75,90,8.99,light rain
188,Pabna,BD,24.0,89.25,79.84,58,22,6.76,few clouds
189,Krutinka,RU,56.0055,71.5113,14.56,94,100,10.98,overcast clouds
190,Islamkot,PK,24.6997,70.177,83.79,22,2,9.93,clear sky
191,Tutoia,BR,-2.7619,-42.2744,79.5,82,23,10.69,few clouds
192,Bismil,TR,37.8486,40.6658,59.11,93,6,0.69,clear sky
193,Kita,ML,13.0349,-9.4895,76.59,63,15,2.17,few clouds
194,Hasaki,JP,35.7333,140.8333,70.29,52,21,11.16,few clouds
195,Saldanha,ZA,-33.0117,17.9442,48.25,74,4,6.76,clear sky
196,Paracatu,BR,-17.2222,-46.8747,71.67,79,92,2.82,overcast clouds
197,Inhambane,MZ,-23.865,35.3833,75.18,88,75,10.36,broken clouds
198,Novooleksiyivka,UA,46.2269,34.6428,53.11,92,100,8.34,overcast clouds
199,Jining,CN,35.405,116.5814,64.49,61,100,6.06,overcast clouds
200,Arlit,NE,18.7369,7.3853,74.95,19,39,6.82,scattered clouds
201,Mount Darwin,ZW,-16.7725,31.5838,76.23,43,29,3.71,scattered clouds
202,Osvaldo Cruz,BR,-21.7967,-50.8786,74.59,63,100,8.77,overcast clouds
203,Sao Felix Do Xingu,BR,-6.6447,-51.995,72.05,98,100,0.4,overcast clouds
204,Carnarvon,AU,-24.8667,113.6333,75.27,53,21,23.02,few clouds
205,Nieuw Amsterdam,SR,5.8833,-55.0833,79.02,88,7,7.78,clear sky
206,Grand-Lahou,CI,5.1367,-5.0242,76.62,87,73,2.57,broken clouds
207,Hithadhoo,MV,-0.6,73.0833,82.56,75,60,14.12,broken clouds
208,Khani,GE,41.9563,42.9566,51.37,75,100,3.42,overcast clouds
209,Bantry,IE,51.6833,-9.45,44.08,90,22,6.44,few clouds
210,Charters Towers,AU,-20.1,146.2667,93.04,25,4,13.38,clear sky
211,Nhulunbuy,AU,-12.2333,136.7667,90.21,51,75,16.11,broken clouds
212,Katsuura,JP,35.1333,140.3,69.91,50,21,6.22,few clouds
213,La Orilla,MX,17.9833,-102.2333,76.48,86,99,4.14,overcast clouds
214,Rondonopolis,BR,-16.4708,-54.6356,72.23,90,24,1.28,few clouds
215,Nankana Sahib,PK,31.4475,73.6972,68.25,37,1,7.65,clear sky
216,Gilleleje,DK,56.122,12.3106,47.86,90,17,6.15,few clouds
217,Naze,JP,28.3667,129.4833,70.72,53,15,12.59,few clouds
218,Leningradskiy,RU,69.3833,178.4167,1.72,80,100,8.05,overcast clouds
219,Gallup,US,35.5281,-108.7426,47.01,49,1,3.44,clear sky
220,Fort Nelson,CA,58.8053,-122.7002,17.19,79,20,2.3,few clouds
221,Brighton,GB,50.8284,-0.1395,42.57,88,8,5.01,clear sky
222,Klaksvik,FO,62.2266,-6.589,40.12,76,100,37.33,overcast clouds
223,Kavieng,PG,-2.5744,150.7967,84.07,71,98,3.18,light rain
224,Marawi,PH,7.9986,124.2928,75.65,71,98,4.09,overcast clouds
225,Gbarnga,LR,6.9956,-9.4722,69.35,98,69,0.6,broken clouds
226,Banjar,ID,-8.19,114.9675,87.66,66,100,2.77,overcast clouds
227,Mecca,SA,21.4267,39.8261,78.62,54,0,1.63,clear sky
228,Norsup,VU,-16.0667,167.3833,78.93,71,80,14.25,broken clouds
229,Nabire,ID,-3.3667,135.4833,85.77,68,91,5.39,overcast clouds
230,Cidreira,BR,-30.1811,-50.2056,68.79,94,97,15.43,overcast clouds
231,Colares,PT,38.7992,-9.4469,58.82,69,51,1.99,broken clouds
232,Aswan,EG,24.0934,32.907,70.9,37,0,12.66,clear sky
233,Wahiawa,US,21.5028,-158.0236,77.32,78,90,6.91,light rain
234,Progreso,MX,21.2833,-89.6667,73.51,66,62,10.85,broken clouds
235,Anadyr,RU,64.75,177.4833,-5.3,84,20,22.37,few clouds
236,Porto Belo,BR,-27.1578,-48.5531,71.58,92,55,5.44,broken clouds
237,Manta,EC,-0.95,-80.7333,71.38,83,75,9.22,broken clouds
238,Ponta Do Sol,PT,32.6667,-17.1,69.71,70,99,3.69,overcast clouds
239,Yulara,AU,-25.2406,130.9889,85.84,48,100,4.61,overcast clouds
240,Pangkalanbuun,ID,-2.6833,111.6167,92.95,49,99,2.82,overcast clouds
241,Urengoy,RU,65.9667,78.3667,-8.84,100,63,4.54,broken clouds
242,Sungaipenuh,ID,-2.0833,101.3833,73.22,77,100,0.85,overcast clouds
243,Ribeira Grande,PT,38.5167,-28.7,69.15,81,100,18.92,overcast clouds
244,Velasco Ibarra,EC,-1.05,-79.6167,77.14,71,100,6.89,overcast clouds
245,Qaqortoq,GL,60.7167,-46.0333,41.5,95,91,11.45,light rain
246,San Juan,AR,-31.5375,-68.5364,70.7,41,3,4.59,clear sky
247,Sola,VU,-13.8833,167.55,80.19,78,76,18.34,broken clouds
248,Axim,GH,4.8699,-2.2405,76.41,86,100,3.11,overcast clouds
249,Sucre,BO,-19.0333,-65.2627,57.36,75,97,2.95,overcast clouds
250,Maiduguri,NG,11.8464,13.1603,78.33,28,36,5.12,scattered clouds
251,Vanavara,RU,60.34,102.2797,6.22,59,98,6.93,overcast clouds
252,Srednekolymsk,RU,67.45,153.6833,-0.9,86,99,1.81,overcast clouds
253,Te Anau,NZ,-45.4167,167.7167,60.89,42,4,2.55,clear sky
254,Nanortalik,GL,60.1432,-45.2371,39.15,93,73,11.43,light rain
255,Gondanglegi,ID,-7.7479,112.0132,89.73,54,100,3.11,overcast clouds
256,Bengkulu,ID,-3.8004,102.2655,80.46,77,100,2.24,overcast clouds
257,Flinders,AU,-34.5833,150.8552,78.8,60,75,7.0,broken clouds
258,Cassilandia,BR,-19.1133,-51.7342,71.33,65,61,2.39,broken clouds
259,Cayenne,GF,4.9333,-52.3333,81.09,81,40,3.0,scattered clouds
260,Russell,US,32.3502,-85.1999,56.8,77,1,4.61,clear sky
261,Haj Ve Slezsku,CZ,49.8986,18.0954,44.01,95,41,8.77,scattered clouds
262,Luanda,AO,-8.8368,13.2343,75.2,88,75,6.91,broken clouds
263,Locri,IT,38.2414,16.2623,64.81,72,53,2.82,broken clouds
264,Itarema,BR,-2.9248,-39.9167,78.67,82,30,10.87,scattered clouds
265,Nioro,GM,13.35,-15.75,74.41,78,71,5.19,broken clouds
266,Kununurra,AU,-15.7667,128.7333,98.58,39,52,6.91,broken clouds
267,Bouna,CI,9.2667,-3.0,73.36,75,100,3.85,overcast clouds
268,Oussouye,SN,12.485,-16.5469,78.1,79,100,4.88,overcast clouds
269,Vinh,VN,18.6667,105.6667,78.67,82,77,6.42,broken clouds
270,Veraval,IN,20.9,70.3667,83.14,46,17,11.97,few clouds
271,Prado,BR,-17.3411,-39.2208,74.05,94,100,11.99,overcast clouds
272,Tete,MZ,-16.1564,33.5867,82.49,47,0,3.44,haze
273,Lengshuitan,CN,26.4111,111.5956,61.34,93,99,2.28,light rain
274,Tecoanapa,MX,16.5167,-98.75,78.31,83,97,6.35,overcast clouds
275,Aleksandrov Gay,RU,50.147,48.5704,40.15,77,95,12.77,overcast clouds
276,Rameswaram,IN,9.2833,79.3,82.2,76,100,4.0,overcast clouds
277,Mayumba,GA,-3.432,10.6554,75.09,90,65,1.1,light rain
278,Krasnyy Chikoy,RU,50.3643,108.7512,42.08,31,66,5.32,broken clouds
279,Puerto Escondido,MX,15.85,-97.0667,78.76,80,78,3.11,broken clouds
280,Padang,ID,-0.9492,100.3543,86.05,89,100,5.55,overcast clouds
281,Haines Junction,CA,60.7522,-137.5108,24.75,86,13,1.14,few clouds
282,Zeya,RU,53.75,127.2667,31.35,84,100,5.86,light snow
283,Priargunsk,RU,50.3691,119.1012,37.99,54,59,2.17,broken clouds
284,Puerto Madryn,AR,-42.7692,-65.0385,61.81,68,100,7.2,overcast clouds
285,Fontem,CM,5.4685,9.8818,64.65,93,57,1.68,broken clouds
286,Biltine,TD,14.5333,20.9167,79.12,21,36,13.18,scattered clouds
287,Egvekinot,RU,66.3167,-179.1667,-2.74,78,63,12.5,broken clouds
288,Constitucion,CL,-35.3333,-72.4167,53.06,85,83,5.06,broken clouds
289,Uinskoye,RU,56.8817,56.5813,19.53,85,46,2.89,scattered clouds
290,Jumla,NP,29.2747,82.1838,53.8,28,0,2.53,clear sky
291,Liwale,TZ,-9.7667,37.9333,72.75,80,97,6.76,overcast clouds
292,Arica,CL,-18.475,-70.3042,59.23,77,0,5.75,clear sky
293,Andenes,NO,69.3143,16.1194,44.58,81,75,10.36,broken clouds
294,Waingapu,ID,-9.6567,120.2641,89.55,58,63,13.02,heavy intensity rain
295,Isangel,VU,-19.55,169.2667,77.11,69,75,5.75,broken clouds
296,Raudeberg,NO,61.9875,5.1352,48.87,71,81,14.16,broken clouds
297,Vegreville,CA,53.5001,-112.0518,25.11,85,0,4.61,clear sky
298,Zvishavane,ZW,-20.3267,30.0665,66.38,82,38,8.39,scattered clouds
299,Oum Hadjer,TD,13.2954,19.6966,80.83,24,58,6.82,broken clouds
300,Cockburn Town,TC,21.4612,-71.1419,81.45,74,2,13.78,clear sky
301,Aktau,KZ,43.65,51.2,45.18,45,99,11.27,overcast clouds
302,Wairoa,NZ,-39.0333,177.3667,51.6,87,100,15.99,moderate rain
303,Suntar,RU,62.1444,117.6319,22.71,73,100,7.29,overcast clouds
304,Senj,HR,44.9894,14.9058,56.07,89,70,8.05,broken clouds
305,Pevek,RU,69.7008,170.3133,-1.7,90,100,8.5,overcast clouds
306,Sal Rei,CV,16.1833,-22.9167,75.76,72,47,11.74,scattered clouds
307,Callaguip,PH,18.0714,120.4867,87.82,51,20,8.05,few clouds
308,Tahe,CN,52.3333,124.7333,37.18,79,88,1.92,overcast clouds
309,Quatre Cocos,MU,-20.2078,57.7625,78.1,74,31,10.36,scattered clouds
310,Bodaybo,RU,57.8506,114.1933,27.97,74,100,3.13,overcast clouds
311,Domoni,KM,-12.2569,44.5319,79.32,79,23,6.22,few clouds
312,Tomohon,ID,1.3346,124.8392,79.74,70,48,1.1,scattered clouds
313,Muret,FR,43.3333,1.25,49.78,95,100,8.12,overcast clouds
314,Cap Malheureux,MU,-19.9842,57.6142,78.48,73,11,8.01,few clouds
315,Lowestoft,GB,52.4752,1.7516,38.32,87,6,6.35,clear sky
316,Helena,US,46.5927,-112.0361,41.99,77,1,0.0,clear sky
317,Grao Mogol,BR,-16.5594,-42.8897,64.0,98,100,3.24,overcast clouds
318,Lixourion,GR,38.2019,20.4314,63.37,78,5,2.55,clear sky
319,Ketchikan,US,55.3422,-131.6461,45.07,93,90,0.0,light rain
320,Chanute,US,37.6792,-95.4572,44.71,70,1,6.91,clear sky
321,Lasa,IT,46.6166,10.7002,43.68,98,100,4.56,overcast clouds
322,Stykkisholmur,IS,65.0757,-22.7297,29.61,63,42,6.44,scattered clouds
323,Ballina,AU,-28.8667,153.5667,75.38,58,75,10.36,broken clouds
324,Houston,US,29.7633,-95.3633,69.94,83,90,1.99,overcast clouds
325,Bitung,ID,1.4451,125.1824,88.65,70,49,5.99,scattered clouds
326,Nova Kakhovka,UA,46.7545,33.3486,52.54,97,100,10.89,overcast clouds
327,Lockport,US,41.5895,-88.0578,37.29,80,1,5.75,clear sky
328,Namatanai,PG,-3.6667,152.4333,84.6,72,100,8.05,light rain
329,Turukhansk,RU,65.8167,87.9833,-11.88,94,20,2.33,few clouds
330,Konza,KE,-1.7426,37.1294,60.04,91,77,4.18,broken clouds
331,Sao Joao Da Barra,BR,-21.6403,-41.0511,70.03,92,12,10.8,few clouds
332,Whitehorse,CA,60.7161,-135.0538,33.03,63,20,13.0,few clouds
333,Yelizavetino,RU,59.4916,29.7938,40.73,93,73,8.16,broken clouds
334,Barra Patuca,HN,15.8,-84.2833,76.95,86,100,6.49,overcast clouds
335,Kalmunai,LK,7.4167,81.8167,84.34,68,87,11.5,overcast clouds
336,Geraldton,AU,-28.7667,114.6,75.61,41,0,17.27,clear sky
337,Mount Gambier,AU,-37.8333,140.7667,60.71,82,90,18.41,overcast clouds
338,Portland,US,45.5234,-122.6762,54.28,85,90,1.01,overcast clouds
339,Tairua,NZ,-37.0167,175.85,53.44,89,100,21.99,overcast clouds
340,Ancud,CL,-41.8697,-73.8203,53.13,93,100,16.58,light rain
341,Yuancheng,CN,36.652,107.7896,52.65,44,3,8.41,clear sky
342,Khor,RU,47.8861,134.9464,46.54,34,26,2.93,scattered clouds
343,Imbituba,BR,-28.24,-48.6703,71.49,96,59,10.16,broken clouds
344,Chara,RU,56.9064,118.2631,24.98,75,92,2.53,overcast clouds
345,Moshi,TZ,-3.35,37.3333,72.37,80,34,2.51,scattered clouds
346,Haradok,BY,55.4624,29.9816,45.7,87,100,12.86,overcast clouds
347,Khanpur,PK,28.6453,70.6567,78.57,28,0,8.12,clear sky
348,Broome,US,42.2506,-75.833,37.62,79,1,1.99,clear sky
349,Lebu,CL,-37.6167,-73.65,53.04,93,100,9.24,overcast clouds
350,Saint-Augustin,CA,51.226,-58.6502,38.57,77,9,13.0,clear sky
351,Beatrice,US,40.2681,-96.747,39.88,93,1,3.44,clear sky
352,Skelleftea,SE,64.7507,20.9528,44.01,69,90,1.01,overcast clouds
353,Mackenzie,CA,55.2999,-123.1698,28.62,93,1,0.0,clear sky
354,Woodward,US,36.4337,-99.3904,38.43,100,90,6.91,overcast clouds
355,Nehe,CN,48.4833,124.8333,44.38,60,60,6.58,broken clouds
356,Jacareacanga,BR,-6.2222,-57.7528,73.96,95,65,2.21,broken clouds
357,Novikovo,RU,51.1537,37.8879,47.97,77,100,11.72,light rain
358,Trairi,BR,-3.2778,-39.2689,78.44,83,29,8.37,scattered clouds
359,Rio Gallegos,AR,-51.6226,-69.2181,55.45,47,0,12.66,clear sky
360,Novotroitsk,RU,51.203,58.3266,9.3,45,9,15.1,clear sky
361,Barranca,PE,-10.75,-77.7667,63.16,85,91,7.67,overcast clouds
362,Faanui,PF,-16.4833,-151.75,80.02,71,98,3.69,light rain
363,Arcata,US,40.8665,-124.0828,53.92,93,1,3.44,clear sky
364,Imeni Poliny Osipenko,RU,52.4201,136.4853,38.03,44,69,8.63,broken clouds
365,Ruteng,ID,-8.6136,120.4721,74.23,71,75,1.1,broken clouds
366,Vyartsilya,RU,62.1764,30.693,35.96,94,27,7.56,scattered clouds
367,Kaeo,NZ,-35.1,173.7833,60.33,78,99,12.84,overcast clouds
368,Bilibino,RU,68.0546,166.4372,-18.35,100,97,3.22,overcast clouds
369,Lorengau,PG,-2.0226,147.2712,84.92,71,100,6.8,overcast clouds
370,Port Moresby,PG,-9.4431,147.1797,87.22,66,20,17.27,haze
371,Atar,MR,20.5169,-13.0499,80.19,21,6,8.88,clear sky
372,Mujiayingzi,CN,42.1167,118.7833,51.51,39,4,15.97,clear sky
373,Chapais,CA,49.7834,-74.8492,26.38,89,100,11.1,overcast clouds
374,Bambanglipuro,ID,-7.95,110.2833,85.66,68,100,7.92,overcast clouds
375,Alofi,NU,-19.0595,-169.9187,80.49,74,16,10.36,few clouds
376,Alice Springs,AU,-23.7,133.8833,85.55,48,29,6.91,scattered clouds
377,Yar-Sale,RU,66.8333,70.8333,14.52,79,100,16.78,overcast clouds
378,Sitka,US,57.0531,-135.33,51.69,58,90,18.41,moderate rain
379,Atambua,ID,-9.1061,124.8925,86.76,57,84,2.48,broken clouds
380,Aitape,PG,-3.1374,142.3475,86.94,64,89,6.71,overcast clouds
381,Namibe,AO,-15.1961,12.1522,65.3,85,92,3.42,overcast clouds
382,Vestmannaeyjar,IS,63.4427,-20.2734,32.02,65,9,17.74,clear sky
383,Jidong,CN,45.2167,131.0833,52.81,41,57,3.11,broken clouds
384,Lincoln,US,40.8,-96.667,40.17,86,90,1.01,overcast clouds
385,Urucui,BR,-7.2294,-44.5561,76.17,91,100,0.6,overcast clouds
386,Ongole,IN,15.5,80.05,79.65,85,100,8.14,heavy intensity rain
387,Meulaboh,ID,4.1363,96.1285,78.71,86,100,4.03,overcast clouds
388,Houma,US,29.5958,-90.7195,66.2,88,0,6.62,clear sky
389,Xuddur,SO,4.1213,43.8894,72.72,87,46,13.51,scattered clouds
390,Lake Cowichan,CA,48.825,-124.0546,50.95,100,100,4.25,moderate rain
391,Lar,IN,26.2039,83.9717,77.54,49,0,0.98,clear sky
392,Hun,LY,29.1268,15.9477,72.09,29,0,4.59,clear sky
393,Upington,ZA,-28.4478,21.2561,52.18,71,0,4.61,clear sky
394,Little Current,CA,45.9793,-81.9248,35.69,55,12,10.16,few clouds
395,Tukums,LV,56.9669,23.1553,42.15,95,85,8.63,overcast clouds
396,Byron Bay,AU,-28.65,153.6167,75.31,59,60,8.97,broken clouds
397,Smidovich,RU,48.6,133.8167,42.8,36,77,3.87,broken clouds
398,Vila Franca Do Campo,PT,37.7167,-25.4333,71.2,90,100,3.33,overcast clouds
399,Gushikawa,JP,26.3544,127.8686,78.39,51,20,11.5,few clouds
400,Tshikapa,CD,-6.4167,20.8,68.16,97,100,1.81,overcast clouds
401,Erzin,TR,36.9559,36.2,57.72,86,84,2.19,broken clouds
402,Chibombo,ZM,-14.6569,28.0706,65.86,83,48,5.61,scattered clouds
403,Hanzhong,CN,33.0728,107.0303,59.59,75,100,2.24,light rain
404,Severnyy,RU,50.677,36.5532,48.24,100,90,6.71,fog
405,Fereydun Kenar,IR,36.6864,52.5225,55.71,68,57,3.42,broken clouds
406,Berlevag,NO,70.8578,29.0864,39.2,88,100,24.18,overcast clouds
407,Clyde River,CA,70.4692,-68.5914,22.5,88,97,31.9,light snow
408,Constantine,DZ,36.365,6.6147,56.61,82,0,5.75,clear sky
409,Sarkand,KZ,45.41,79.9186,30.7,77,87,6.44,overcast clouds
410,Vaitape,PF,-16.5167,-151.75,80.11,71,95,3.98,overcast clouds
411,Rio Claro,BR,-22.4114,-47.5614,59.79,88,6,6.29,clear sky
412,Tabou,CI,4.423,-7.3528,77.14,87,83,4.36,broken clouds
413,Salalah,OM,17.0151,54.0924,77.09,36,0,2.3,clear sky
414,Haicheng,CN,40.8516,122.7475,60.69,47,36,12.17,scattered clouds
415,Fairbanks,US,64.8378,-147.7164,32.22,89,75,0.0,broken clouds
416,Cateel,PH,7.7914,126.4533,85.32,74,99,4.68,overcast clouds
417,Pringsewu,ID,-5.3582,104.9744,87.96,58,100,2.59,overcast clouds
418,Dillon,US,34.4166,-79.3712,56.35,62,47,12.41,scattered clouds
419,Dudinka,RU,69.4058,86.1778,-16.19,100,70,2.93,broken clouds
420,Okhotsk,RU,59.3833,143.3,22.77,93,100,9.51,light snow
421,Chuy,UY,-33.6971,-53.4616,64.69,94,100,10.07,moderate rain
422,Baie-Comeau,CA,49.2168,-68.1489,42.28,80,1,6.91,clear sky
423,Sorong,ID,-0.8833,131.25,84.79,68,34,4.23,scattered clouds
424,San Carlos,VE,9.6612,-68.5827,72.5,84,97,3.06,overcast clouds
425,San Javier,ES,37.8063,-0.8374,62.22,70,0,3.0,clear sky
426,Malakal,SS,9.5334,31.6605,76.42,59,83,1.48,broken clouds
427,Sumbe,AO,-11.2061,13.8437,75.06,86,99,3.6,overcast clouds
428,Mayo,US,38.8876,-76.5119,44.94,94,1,1.99,clear sky
429,Torbay,CA,47.6666,-52.7314,41.76,94,20,10.36,few clouds
430,Cairns,AU,-16.9167,145.7667,86.95,66,90,17.27,overcast clouds
431,Roma,US,43.2128,-75.4557,39.85,88,90,0.0,overcast clouds
432,Alcazar De San Juan,ES,39.3901,-3.2083,52.2,82,69,15.35,broken clouds
433,Awjilah,LY,29.1081,21.2869,72.07,26,0,7.54,clear sky
434,Bagdarin,RU,54.4333,113.6,29.37,71,45,2.8,scattered clouds
435,Davila,PH,18.4726,120.5763,87.78,64,6,18.7,clear sky
436,Concarneau,FR,47.875,-3.9225,43.59,83,11,8.63,few clouds
437,Staraya Toropa,RU,56.2801,31.6702,45.01,86,100,11.36,overcast clouds
438,Winslow,US,35.0242,-110.6974,48.38,46,1,6.91,clear sky
439,Kitui,KE,-1.367,38.0106,65.46,90,79,2.1,broken clouds
440,Lebedyn,UA,50.5852,34.4849,47.17,90,82,7.31,broken clouds
441,Chamba,IN,32.5667,76.1333,65.95,35,2,3.15,clear sky
442,Mkushi,ZM,-13.6202,29.3939,65.1,84,48,2.73,scattered clouds
443,Honiara,SB,-9.4333,159.95,81.16,85,100,7.47,moderate rain
444,Iralaya,HN,15.0,-83.2333,77.47,84,74,5.97,broken clouds
445,Fortuna,US,40.5982,-124.1573,53.65,59,1,4.61,clear sky
446,Yarada,IN,17.65,83.2667,82.72,74,75,8.05,haze
447,Ishigaki,JP,24.3448,124.1572,77.13,73,75,13.8,broken clouds
448,Faya,SA,18.3851,42.4509,51.91,35,9,4.83,clear sky
449,Shakawe,BW,-18.3667,21.85,72.57,22,2,4.54,clear sky
450,Itapaci,BR,-14.9508,-49.5494,74.08,79,97,2.37,light rain
451,Carutapera,BR,-1.195,-46.02,77.04,89,90,5.08,overcast clouds
452,Jiangyou,CN,31.7667,104.7167,59.11,81,100,1.54,overcast clouds
453,Abbeville,FR,50.1,1.8333,42.49,92,100,4.5,overcast clouds
454,Prince Rupert,CA,54.3161,-130.3201,51.49,74,100,21.85,light rain
455,Lompoc,US,34.6391,-120.4579,63.79,90,90,6.91,mist
456,Mantua,IT,45.1667,10.7833,55.74,86,100,10.0,overcast clouds
457,Tommot,RU,58.9564,126.2925,28.65,75,90,4.65,overcast clouds
458,Moose Factory,CA,51.2585,-80.6094,30.2,93,20,9.22,few clouds
459,Ambon,ID,-3.6954,128.1814,86.14,74,40,5.75,scattered clouds
460,Havelock,US,34.8791,-76.9013,56.93,86,65,5.01,broken clouds
461,Sibolga,ID,1.7427,98.7792,79.84,85,97,2.73,overcast clouds
462,Port Macquarie,AU,-31.4333,152.9167,73.89,53,69,11.99,broken clouds
463,Hendaye,FR,43.3717,-1.7738,53.74,83,40,6.91,light rain
464,Katangli,RU,51.7102,143.2326,41.77,54,2,5.44,clear sky
465,Berezovyy,RU,51.6667,135.7,42.1,30,91,2.77,overcast clouds
466,Turan,VN,16.0678,108.2208,85.98,70,20,8.05,few clouds
467,Saint Anthony,US,45.0205,-93.218,37.02,67,90,0.0,overcast clouds
468,Muros,ES,42.7762,-9.0603,50.85,95,100,11.81,overcast clouds
469,Husavik,IS,66.0449,-17.3389,24.71,88,91,12.35,overcast clouds
470,Cerritos,US,33.8583,-118.0648,66.33,90,20,1.01,few clouds
471,Acajutla,SV,13.5928,-89.8275,78.87,70,86,7.23,overcast clouds
472,Malumfashi,NG,11.7853,7.6218,70.72,27,14,4.29,few clouds
473,Paamiut,GL,61.994,-49.6678,36.64,88,98,31.03,light rain
474,Freeport,US,40.6576,-73.5832,48.38,69,1,4.0,clear sky
475,Carballo,ES,43.213,-8.691,52.86,93,100,4.92,overcast clouds
476,Yeppoon,AU,-23.1333,150.7333,78.58,53,70,16.35,broken clouds
477,Amalfi,CO,6.9102,-75.0776,60.01,100,100,1.99,overcast clouds
478,Svetlyy,RU,54.675,20.1347,42.85,96,100,2.55,light rain
479,Palana,RU,59.1167,159.9667,22.77,81,99,11.45,overcast clouds
480,Pleshanovo,RU,52.8333,53.4833,26.6,39,29,14.92,scattered clouds
481,Stephenville,US,32.2207,-98.2023,53.67,93,90,6.91,overcast clouds
482,Hemel Hempstead,GB,51.7537,-0.4752,38.53,100,46,8.05,scattered clouds
483,Bonthe,SL,7.5264,-12.505,77.56,85,57,1.72,broken clouds
484,San Luis Potosi,MX,22.5,-100.5,51.94,76,11,4.74,few clouds
485,Mulchen,CL,-37.7167,-72.2333,49.08,89,74,2.91,broken clouds
486,Ugoofaaru,MV,5.6667,73.0,80.98,79,94,16.6,overcast clouds
487,Puyang,CN,29.4603,119.8861,61.57,89,99,2.3,overcast clouds
488,Half Moon Bay,US,37.4636,-122.4286,62.83,89,1,0.0,clear sky
489,Rocha,UY,-34.4833,-54.3333,61.74,98,98,6.11,moderate rain
490,Almaznyy,RU,48.0448,40.045,48.34,98,71,7.52,broken clouds
491,Praia Da Vitoria,PT,38.7333,-27.0667,68.76,94,75,19.04,broken clouds
492,Katima Mulilo,NA,-17.5,24.2667,72.63,58,10,5.88,clear sky
493,Kosa,RU,59.9445,54.9977,15.57,86,29,5.53,scattered clouds
494,Coihaique,CL,-45.5752,-72.0662,49.95,93,20,2.3,light rain
495,Birao,CF,10.2849,22.7882,72.46,65,50,2.33,scattered clouds
496,Parabel,RU,58.6978,81.4825,7.52,82,100,14.99,overcast clouds
497,Kurgan,RU,55.45,65.3333,16.29,67,1,5.17,clear sky
498,Ixtapa,MX,20.7,-105.2,73.78,90,87,2.93,overcast clouds
499,Lagoa,PT,39.05,-27.9833,67.21,90,100,21.88,overcast clouds
500,Dauphin,CA,51.1494,-100.0502,32.14,64,1,9.22,clear sky
501,Tura,IN,25.5198,90.2201,76.33,65,9,1.14,clear sky
502,Tokonou,GN,9.65,-9.7833,68.99,88,9,3.49,clear sky
503,Shaunavon,CA,49.6501,-108.4181,29.98,52,0,9.06,clear sky
504,Tateyama,JP,34.9833,139.8667,69.82,52,10,5.21,clear sky
505,Pinheiro Machado,BR,-31.5783,-53.3811,64.06,99,100,5.99,heavy intensity rain
506,Yerbogachen,RU,61.2767,108.0108,8.35,85,100,11.27,overcast clouds
507,Sept-Iles,CA,50.2001,-66.3821,39.06,66,40,7.0,scattered clouds
508,Iqaluit,CA,63.7506,-68.5145,17.33,92,90,17.0,overcast clouds
509,Kawalu,ID,-7.3817,108.2082,84.97,65,100,4.83,overcast clouds
510,Lavrentiya,RU,65.5833,-171.0,22.5,81,100,13.27,overcast clouds
511,San Borja,BO,-14.8167,-66.85,71.6,96,100,0.94,overcast clouds
512,Ha Giang,VN,22.8333,104.9833,70.74,100,100,2.04,overcast clouds
513,La Romana,DO,18.4273,-68.9728,78.53,88,4,7.27,clear sky
514,West Bay,KY,19.3667,-81.4167,81.0,78,62,3.0,broken clouds
515,Comarapa,BO,-17.9,-64.4833,54.97,89,88,2.19,overcast clouds
516,Lagoa Vermelha,BR,-28.2086,-51.5258,60.66,86,34,3.94,scattered clouds
517,Taoudenni,ML,22.6783,-3.9836,79.21,18,20,7.16,few clouds
518,Oktyabrskiy,RU,54.4815,53.471,27.97,45,8,7.34,clear sky
519,Penzance,GB,50.1186,-5.5371,48.76,74,38,16.33,scattered clouds
520,Dakar,SN,14.6937,-17.4441,76.08,73,92,7.52,overcast clouds
521,Lokosovo,RU,61.1333,74.8167,3.47,88,8,6.02,clear sky
522,Vilyuysk,RU,63.7553,121.6247,11.64,86,62,4.07,broken clouds
523,Sale,MA,34.0389,-6.8166,68.68,94,75,9.22,mist
524,Samarai,PG,-10.6167,150.6667,83.62,65,13,12.86,few clouds
525,Udachnyy,RU,66.4167,112.4,-4.14,94,100,6.06,overcast clouds
526,Saint-Leu,RE,-21.15,55.2833,79.95,83,9,5.46,clear sky
527,Sao Jose Da Coroa Grande,BR,-8.8978,-35.1478,77.31,84,22,10.18,few clouds
528,Grants Pass,US,42.439,-123.3284,54.91,88,1,0.0,clear sky
529,De-Kastri,RU,51.4667,140.7833,42.44,48,6,5.93,clear sky
530,Port Augusta,AU,-32.5,137.7667,76.71,60,78,19.35,broken clouds
531,Ilulissat,GL,69.2167,-51.1,30.22,93,75,1.14,light snow
532,Media Luna,CU,20.1419,-77.435,75.74,88,10,13.73,clear sky
533,Eyl,SO,7.9803,49.8164,78.49,76,26,9.1,scattered clouds
534,Angarsk,RU,52.5367,103.8864,30.92,60,98,13.47,overcast clouds
535,Lop Buri,TH,14.7981,100.654,86.92,76,100,10.16,overcast clouds
536,Gat,IL,31.61,34.7642,66.4,81,5,3.78,clear sky
537,Poya,NC,-21.35,165.15,77.43,51,98,11.25,overcast clouds
538,Xuchang,CN,34.0167,113.8167,67.08,49,100,3.11,overcast clouds
539,Shache,CN,38.4167,77.2406,51.3,23,0,2.62,clear sky
540,Matay,EG,28.419,30.7792,68.2,61,0,6.58,clear sky
541,Krasnoobsk,RU,54.9198,82.9909,4.33,83,92,9.64,overcast clouds
542,Linxia,CN,35.6003,103.2064,46.24,49,89,3.06,overcast clouds
543,Sabang,ID,5.8933,95.3214,82.04,73,93,7.78,moderate rain
544,Gambo,CF,4.6482,22.2633,67.3,99,81,1.36,broken clouds
545,Kabalo,CD,-6.05,26.9167,68.13,99,100,2.44,light rain
546,Malpe,IN,13.35,74.7167,85.3,83,100,4.74,overcast clouds
547,Ndioum,SN,16.5129,-14.6471,85.71,20,11,5.06,few clouds
548,San Antonio,US,29.4241,-98.4936,72.59,87,40,8.05,scattered clouds
549,Karema,TZ,-6.8205,30.4389,70.92,86,100,6.98,light rain
550,Poronaysk,RU,49.2167,143.1167,41.38,69,7,5.5,clear sky
551,Brae,GB,60.3964,-1.353,44.51,87,98,18.28,overcast clouds
552,Avon Lake,US,41.5053,-82.0282,43.9,66,90,4.0,overcast clouds
553,Hualmay,PE,-11.0964,-77.6139,63.63,85,75,8.3,broken clouds
554,Fare,PF,-16.7,-151.0167,79.43,72,61,2.73,broken clouds
555,Noumea,NC,-22.2763,166.4572,71.58,64,95,14.34,overcast clouds
556,Pacific Grove,US,36.6177,-121.9166,62.58,93,90,3.0,fog
557,Hiroshima,JP,34.3963,132.4594,70.41,7,19,1.45,few clouds
558,Lisakovsk,KZ,52.5369,62.4936,19.44,57,4,6.53,clear sky
559,Caconda,AO,-13.7333,15.0667,61.68,86,100,2.08,overcast clouds
560,Sabha,LY,27.0377,14.4283,70.25,23,0,7.25,clear sky
561,Barbacoas,CO,1.6715,-78.1398,74.61,95,99,1.72,light rain
562,Ararat,AM,39.8317,44.7049,53.94,61,84,2.8,broken clouds
563,Taylor,US,32.3001,-99.8337,49.14,88,90,4.0,mist
564,Mbuyapey,PY,-26.2,-56.75,74.26,68,52,3.6,broken clouds
565,Saurimo,AO,-9.6608,20.3916,63.97,98,100,2.91,overcast clouds
566,Inta,RU,66.0317,60.1659,21.56,82,100,25.77,overcast clouds
567,Walvis Bay,NA,-22.9575,14.5053,55.09,87,90,3.44,overcast clouds
568,San Carlos De Bariloche,AR,-41.1456,-71.3082,53.35,54,75,16.11,broken clouds
569,Bonavista,CA,48.6499,-53.1147,40.12,74,68,9.4,broken clouds
570,Kloulklubed,PW,7.0419,134.2556,88.3,69,60,7.14,broken clouds
571,Sorland,NO,67.667,12.6934,50.07,78,100,7.54,overcast clouds
572,Yuzhno-Kurilsk,RU,44.0306,145.8556,48.88,93,100,21.32,light rain
573,Nouadhibou,MR,20.931,-17.0347,70.86,67,46,16.78,scattered clouds
574,Goure,NE,13.9835,10.2704,82.02,20,8,8.95,clear sky
575,Palmer,US,42.1584,-72.3287,44.89,73,90,6.91,overcast clouds
576,Miyako,JP,39.6367,141.9525,61.66,60,24,6.29,few clouds
577,Stokmarknes,NO,68.5646,14.9108,45.5,75,20,5.75,few clouds
578,Lata,PT,40.1629,-8.3327,52.21,90,76,6.96,broken clouds
579,Bousso,TD,10.4795,16.7117,77.63,67,97,4.76,overcast clouds
580,Akhisar,TR,38.9185,27.8401,56.91,100,82,1.14,fog
581,Boyolangu,ID,-8.1181,111.8935,85.15,69,96,7.43,overcast clouds
582,Moissala,TD,8.3404,17.7663,71.02,92,100,4.29,overcast clouds
583,Rio Verde De Mato Grosso,BR,-18.9181,-54.8442,78.44,57,85,6.6,overcast clouds
584,Mehamn,NO,71.0357,27.8492,39.15,87,0,16.11,clear sky
585,Tiznit,MA,29.5833,-9.5,60.84,91,83,2.37,broken clouds
586,Ozinki,RU,51.1786,49.6769,35.8,76,15,16.69,few clouds
587,Dalbandin,PK,28.8947,64.4101,64.54,15,0,5.59,clear sky
588,Muravlenko,RU,63.7898,74.523,2.89,95,21,9.64,few clouds
589,Ko Samui,TH,9.5357,99.9357,82.31,89,20,0.0,thunderstorm
590,Halifax,CA,44.6453,-63.5724,48.2,88,100,1.14,overcast clouds
591,Praya,CV,14.9215,-23.5087,77.54,53,0,6.91,clear sky
592,Tuskegee,US,32.424,-85.6916,55.22,100,6,1.99,clear sky
593,Trinidad,BO,-14.8333,-64.9,70.9,95,100,1.3,overcast clouds
594,Worland,US,44.0169,-107.9554,45.55,85,90,0.0,overcast clouds
595,Ariquemes,BR,-9.9133,-63.0408,72.39,96,82,0.49,broken clouds
596,Norton Shores,US,43.1689,-86.2639,36.91,85,40,0.0,light rain
597,Hamilton,US,39.1834,-84.5333,37.35,82,1,0.0,clear sky
598,Berwick,US,41.0545,-76.2333,39.99,79,29,2.95,scattered clouds
599,Port Lincoln,AU,-34.7333,135.8667,64.92,60,0,15.5,clear sky
600,Micomeseng,GQ,2.1462,10.6164,68.38,100,99,0.83,overcast clouds
601,Mitsamiouli,KM,-11.3847,43.2844,82.69,69,20,6.91,few clouds
602,Warmbad,NA,-28.45,18.7333,57.33,43,4,5.93,clear sky
603,Zemio,CF,5.0314,25.1361,67.77,98,81,3.42,broken clouds
604,Dhidhdhoo,MV,6.8833,73.1,81.12,76,83,8.21,broken clouds
605,Port Hardy,CA,50.6996,-127.4199,50.0,87,90,29.93,light intensity shower rain
606,Kroya,ID,-7.6331,109.2461,84.4,70,100,5.61,overcast clouds
607,Sarh,TD,9.1429,18.3923,73.31,83,0,9.22,clear sky
608,San Quintin,MX,30.4833,-115.95,61.7,91,4,12.73,clear sky
609,Ankang,CN,32.68,109.0172,60.39,76,100,0.67,overcast clouds
610,Kalangala,UG,-0.3089,32.225,69.58,75,77,6.35,light rain
611,Bonfim,BR,3.0833,-59.95,80.06,71,77,4.79,broken clouds
612,Chik Ballapur,IN,13.4342,77.7242,71.22,82,100,10.63,overcast clouds
613,Itamaraju,BR,-17.0392,-39.5311,72.18,96,100,6.93,overcast clouds
614,Erenhot,CN,43.6475,111.9767,44.96,37,5,17.09,clear sky
615,Esperanza,DO,19.5847,-70.9849,73.0,90,4,5.23,clear sky
616,Muridke,PK,31.8025,74.2617,68.14,46,0,5.75,clear sky
617,Sarankhola,BD,22.3082,89.7897,79.43,63,93,5.99,overcast clouds
618,Praia,CV,14.9215,-23.5087,77.54,53,0,6.91,clear sky
619,Comodoro Rivadavia,AR,-45.8667,-67.5,58.86,44,0,10.36,clear sky
620,Komsomolskiy,UZ,40.4272,71.7189,50.72,43,79,2.3,broken clouds
621,Derzhavinsk,KZ,51.1,66.3167,18.64,59,0,10.56,clear sky
622,Warrington,GB,53.3925,-2.5802,46.49,95,40,1.01,scattered clouds
623,Bethanien,NA,-26.502,17.1583,56.1,36,3,3.6,clear sky
624,Innerleithen,GB,55.6193,-3.063,44.47,10,92,4.74,overcast clouds
625,Kurmanayevka,RU,52.5093,52.0675,33.53,41,100,14.41,overcast clouds
626,Westport,US,41.1415,-73.3579,48.74,81,90,3.0,overcast clouds
627,Manggar,ID,-2.8833,108.2667,86.43,59,100,3.89,overcast clouds
628,Turcianske Teplice,SK,48.8623,18.8605,46.36,93,53,3.4,broken clouds
629,Sioux Lookout,CA,50.1001,-91.917,28.78,80,90,4.61,light snow
630,Nemuro,JP,43.3236,145.575,48.63,93,100,30.09,light rain
631,Dicabisagan,PH,17.0818,122.4157,80.01,82,67,6.76,broken clouds
632,Eixo,PT,40.6276,-8.5692,51.62,92,87,11.1,overcast clouds
633,Phalaborwa,ZA,-23.943,31.1411,67.28,67,37,12.03,scattered clouds
634,Glinka,RU,54.6404,32.8781,44.87,88,100,12.73,overcast clouds
635,Arrifes,PT,37.7667,-25.7,69.24,94,75,8.05,broken clouds
636,Suchil,MX,23.6333,-103.9167,58.08,72,96,6.26,overcast clouds
637,Esmeraldas,BR,-19.7625,-44.3139,67.06,80,30,2.19,scattered clouds
638,Guaymas,MX,27.9333,-110.9,67.46,39,93,7.09,overcast clouds
639,Jackson,US,42.4165,-122.8345,53.47,92,1,3.44,clear sky
640,Sao Filipe,CV,14.8961,-24.4956,80.31,70,16,1.07,few clouds
641,Takoradi,GH,4.8845,-1.7554,75.58,89,99,4.52,overcast clouds
642,Nema,RU,57.5067,50.5011,24.76,80,11,5.61,few clouds
643,Curaca,BR,-8.9903,-39.9094,84.87,47,90,9.19,overcast clouds
644,Goderich,CA,43.7501,-81.7165,41.92,87,100,13.8,overcast clouds
645,Charlottesville,US,38.0293,-78.4767,44.4,93,1,4.0,clear sky
646,Vazante,BR,-17.9869,-46.9078,70.38,79,78,2.35,broken clouds
647,Kuruman,ZA,-27.4524,23.4325,55.74,29,0,7.11,clear sky
648,Ust-Nera,RU,64.5667,143.2,8.91,96,100,5.01,overcast clouds
649,Lasem,ID,-6.6922,111.4527,87.98,62,65,7.18,broken clouds
650,Asau,RO,46.4333,26.4,43.75,84,89,6.8,overcast clouds
651,Petrozavodsk,RU,61.7849,34.3469,36.86,87,8,6.71,clear sky
652,Mongomo,GQ,1.6274,11.3135,65.88,100,100,0.69,light rain
653,Washington,US,47.5001,-120.5015,42.94,86,100,2.84,light rain
654,Tazmalt,DZ,36.3868,4.3989,65.1,67,44,6.11,scattered clouds
655,Les Cayes,HT,18.2,-73.75,75.56,83,8,3.42,clear sky
656,Umm Lajj,SA,25.0213,37.2685,79.65,59,0,8.66,clear sky
657,Nambucca Heads,AU,-30.65,153.0,75.16,56,72,10.69,broken clouds
658,Kashiwazaki,JP,37.3667,138.55,58.87,66,70,11.43,broken clouds
659,Bayan,CN,46.0833,127.4,43.12,80,100,6.31,overcast clouds
660,Vanino,RU,49.0869,140.2543,45.03,62,7,8.14,clear sky
661,Pyshchug,RU,58.8873,45.7134,33.87,83,100,7.11,overcast clouds
662,West Wendover,US,40.7391,-114.0733,45.61,76,1,3.44,clear sky
663,Beloha,MG,-25.1667,45.05,75.38,66,6,2.62,clear sky
664,Eluru,IN,16.7,81.1,80.69,88,100,5.39,overcast clouds
665,Pietermaritzburg,ZA,-29.6168,30.3928,58.69,85,90,1.41,overcast clouds
666,Tezu,IN,27.9167,96.1667,79.5,29,6,3.02,clear sky
667,Lushoto,TZ,-4.7833,38.2833,61.38,85,48,2.1,scattered clouds
668,Eenhana,NA,-17.4667,16.3333,64.15,34,71,3.6,broken clouds
669,Macapa,BR,0.0389,-51.0664,80.58,94,40,4.61,scattered clouds
670,Kupang,ID,-10.1667,123.5833,88.38,70,75,12.66,light thunderstorm
671,Guerrero Negro,MX,27.9769,-114.0611,64.4,85,24,11.3,few clouds
672,Kapit,MY,2.0167,112.9333,89.53,61,88,1.23,overcast clouds
673,Villefranche-De-Rouergue,FR,44.3333,2.0,49.05,99,98,5.01,overcast clouds
674,Fukue,JP,32.6881,128.8419,66.56,68,75,12.66,broken clouds
675,Mundgod,IN,14.9667,75.0333,77.92,84,100,10.22,overcast clouds
676,Wajima,JP,37.4,136.9,65.08,59,40,6.91,scattered clouds
677,Kapustin Yar,RU,48.5831,45.7372,46.89,49,100,11.88,light rain
678,Pochutla,MX,15.7432,-96.4661,76.82,90,97,4.23,overcast clouds
679,Ranong,TH,9.9658,98.6348,84.13,62,66,4.79,broken clouds
680,Sinnamary,GF,5.3833,-52.95,78.49,82,74,8.3,broken clouds
681,Petropavlovsk-Kamchatskiy,RU,53.0452,158.6483,41.59,45,20,13.42,few clouds
682,Iroquois Falls,CA,48.7669,-80.6831,23.14,88,100,7.14,overcast clouds
683,Soreang,ID,-7.0331,107.5183,80.26,65,100,2.08,overcast clouds
684,Dieppe,FR,49.75,1.1667,42.98,90,99,3.83,overcast clouds
685,Shagamu,NG,6.8432,3.6478,74.98,96,8,0.72,clear sky
686,Guadalupe Y Calvo,MX,26.1,-106.9667,48.51,91,0,4.72,clear sky
687,Hingatungan,PH,10.584,125.1852,83.53,77,99,7.92,overcast clouds
688,Ust-Maya,RU,60.4167,134.5333,28.44,89,100,4.32,overcast clouds
689,Kenora,CA,49.8167,-94.4337,33.78,69,90,3.44,overcast clouds
690,Kolvereid,NO,64.8655,11.6047,43.92,78,100,8.84,overcast clouds
691,Yenagoa,NG,4.9247,6.2642,72.68,96,51,0.67,broken clouds
692,Lafia,NG,8.4833,8.5167,73.31,88,13,3.31,few clouds
693,Shingu,JP,33.7333,135.9833,70.79,48,3,4.52,clear sky
694,Kulachi,PK,31.9286,70.4592,74.52,25,23,2.24,few clouds
695,Maumere,ID,-8.6199,122.2111,86.38,66,90,0.83,overcast clouds
696,Bose,IT,45.4612,8.0137,49.59,87,100,3.11,overcast clouds
697,Xining,CN,36.6167,101.7667,41.16,43,64,2.15,broken clouds
698,Teixeira,BR,-7.2228,-37.2542,69.48,73,2,5.32,clear sky
699,Venado Tuerto,AR,-33.7456,-61.9688,62.76,94,11,4.63,few clouds
700,Mao,ES,39.8885,4.2658,66.76,59,0,16.11,clear sky
701,Homer,US,59.6425,-151.5483,40.08,94,90,3.44,light rain
702,Wawa,NG,9.9022,4.4192,74.03,61,21,2.89,few clouds
703,Tanhacu,BR,-14.0214,-41.2481,69.98,95,96,1.52,overcast clouds
704,Balabac,PH,7.9868,117.0645,80.46,83,100,9.26,light rain
705,Salinopolis,BR,-0.6136,-47.3561,79.25,84,87,7.78,overcast clouds
706,Novyy Urengoy,RU,66.0833,76.6333,0.48,94,30,7.4,scattered clouds
707,Alyangula,AU,-13.8483,136.4192,93.07,52,40,11.5,scattered clouds
